SKU,ASIN
4AXCVWNRW-42,B00U2MOS2W
NL-HHV029-36-2A,B007O5BCRO
NL-HHV029-36-2A-R,B00U2MOZD4
NL-URBAN-SW-24-2A,B008AF5Z4S
NL-URBAN-SW-30-2A,B008AF5Z0M
NL-URBAN-SW-36-2A,B008AF5Z16
4AXCVWNRW-24,B00U2MOJ7G
4AXCVWNRW-30,B00U2MOSBS
3AXCVPAW-20,B00OCYFFZ0
NL-HHV029-30-2A,B007O5BCMO
NL-HHV029-48-2A,B007O5BCWY
NL-DAVENPORT-EB-24-2A,B008AF5XLI
NL-ROSSEAU-ES-36-2A,B008AF5YE4
4AXCVCCW-48,B00U2MOIWC
NL-DAVENPORT-EB-30-2A,B008AF5XOU
NL-HHV029-24-2A,B007O5BCDS
NL-ROSSEAU-ES-30-2A,B008AF5YDU
4AXCVCBW-30,B00U2MOIPE
4AXCVCBW-36,B00U66M5PG
4AXCVCCW-24,B00U2MOIOU
NL-CLT090201-24-2A,B007O5BBIE
NL-CLT090201-30-2A,B007O5BBMK
NL-WINSTON-BL-24-2A,B00PVULBYI
NL-CLT090201-36-2A,B007O5BBT8
NL-WINSTON-BL-36-2A,B00PVULCGU
4AXCVCCW-30,B00U2MOT7G
NL-WINSTON-BL-48-2A,B00PVULCCE
4AXCVCBW-48,B00U2MOJ6C
NL-WINSTON-BL-30-2A,B00PVULC2Y
NL-ROSSEAU-ES-48-2A,B008AF5YDA
3AXCVPAG-20,B00OCYFIS4
NL-HHV022H-20-2A,B00FH5OBAI
NL-HHV029-36-2A-L,B00U2MOWDC
4AXCVWNRW-48,B00U2MOS04
4AXCVCCW-36,B00U2MORZA
NL-CLT090201-48-2A,B007O5BC2Y
4AXCVCBW-24,B00U2MOS5O
NL-URBAN-SW-48-2A,B008AF5Z20
NL-WILM-BL-20-2A,B00FH5O7UW
NL-WINSTON-WH-24-2A,B00CXMELFI
NL-WINSTON-WH-30-2A,B00CXMELCQ
NL-WINSTON-WH-36-2A,B00CXMELCG
NL-WINSTON-WH-48-2A,B00CXMELE4
NL-ROSSEAU-ES-24-2A,B008AF5YEE
4AXCVWNRW-36,B00U66M5V0
NL-DAVENPORT-EB-36-2A,B008AF5XL8
NL-DAVENPORT-EB-48-2A,B008AF5XPE
NL-WEST-WH-20,B00FH5O5YA
NL-HHV029-60-2A,B00F70RKAQ
HHV029GR-24,B01NH0BS5B
HHV029GR-30,B01NH0GNB8
HHV029GR-36,B01MS1W1ZP
HHV029GR-36R,B01N5JXXOB
HHV029GR-36L,B01N5JXXGP
HHV029GR-42,B01NH02MKT
HHV029GR-48,B01MZ4AJI4
HHV029-42,B01N9M4497
ROSSEAU-ES-42,B01NCQMSX2
WINSTON-WH-42,B01NH0KIOE
WINSTON-WH36-R,B01NH0I4TI
WINSTON-WH36-L,B01MZ4AIWT
AXCVPAW-24,B06WD3J217
AXCVPAW-30,B06WD3J81C
AXCVPAW-36,B06W554DGX
AXCVPAW-36R,B06X91F89H
AXCVPAW-36L,B06VV264YZ
AXCVPAW-42,B06W554H9Q
AXCVPAW-48,B06WGPHHMQ
AXCVGNW-24,B06X6GCQBT
AXCVGNW-30,B06X8YHH55
AXCVGNW-36,B06WRR7Z3L
AXCVGNW-36R,B06VV92P35
AXCVGNW-36L,B06WVBBTBX
AXCVGNW-42,B06VV263YS
AXCVGNW-48,B06WGPHJJ5
AXCVARW-20,B06W2K2947
AXCVARW-24,B06WVBBTN1
AXCVARW-30,B06X3VDFR6
AXCVARW-36,B06WVB3D55
AXCVARW-36R,B06X3VDFCH
AXCVARW-36L,B06WP52BRF
AXCVARW-42,B06X3VDDNL
AXCVARW-48,B06X8Z66J5
AXCVSHW-20,B06W9J1MP9
AXCVSHW-24,B06W2K26H6
AXCVSHW-30,B06W554FM2
AXCVSHW-36,B06WRR7Z3M
AXCVSHW-36R,B06VV92P31
AXCVSHW-36L,B06WVBBM8Q
AXCVSHW-42,B06X18QHMY
AXCVSHW-48,B06VVJPSYP
AXCVLVW-20,B06WRR814B
AXCVLVW-24,B06X912XK3
AXCVLVW-30,B06WRR7YSJ
AXCVLVW-36,B06WP52C74
AXCVLVW-36R,B06WRR7YYM
AXCVLVW-36L,B06WP52FKM
AXCVLVW-42,B06VV92LNY
AXCVLVW-48,B06X3VDC4Z